<ImportExportXml xmlns:xsi="http://www.w3.org/2001/XMLSchema-instance">
  <Entities></Entities>
  <Roles></Roles>
  <Workflows></Workflows>
  <FieldSecurityProfiles></FieldSecurityProfiles>
  <Templates />
  <EntityMaps />
  <EntityRelationships />
  <OrganizationSettings />
  <optionsets />
  <WebResources>
    <WebResource>
      <WebResourceId>{59c7e331-db51-ee11-be6f-0022482896f3}</WebResourceId>
      <Name>vector_dummy_script</Name>
      <DisplayName>dummy_script </DisplayName>
      <WebResourceType>3</WebResourceType>
      <IntroducedVersion>1.0.0.2</IntroducedVersion>
      <IsEnabledForMobileClient>0</IsEnabledForMobileClient>
      <IsAvailableForMobileOffline>0</IsAvailableForMobileOffline>
      <IsCustomizable>1</IsCustomizable>
      <CanBeDeleted>1</CanBeDeleted>
      <IsHidden>0</IsHidden>
      <FileName>/WebResources/vector_dummy_script59C7E331-DB51-EE11-BE6F-0022482896F3</FileName>
    </WebResource>
    <WebResource>
      <WebResourceId>{aaacbe76-f44b-ee11-be6f-6045bdd78003}</WebResourceId>
      <Name>vector_cicd_demo_script</Name>
      <DisplayName>cicd_demo_script</DisplayName>
      <Description>this demo script
don't add to solution &amp; don't delete it</Description>
      <WebResourceType>3</WebResourceType>
      <IntroducedVersion>1.0.0.0</IntroducedVersion>
      <IsEnabledForMobileClient>0</IsEnabledForMobileClient>
      <IsAvailableForMobileOffline>0</IsAvailableForMobileOffline>
      <IsCustomizable>1</IsCustomizable>
      <CanBeDeleted>1</CanBeDeleted>
      <IsHidden>0</IsHidden>
      <FileName>/WebResources/vector_cicd_demo_scriptAAACBE76-F44B-EE11-BE6F-6045BDD78003</FileName>
    </WebResource>
  </WebResources>
  <CustomControls />
  <EntityDataProviders />
  <Languages>
    <Language>1033</Language>
    <Language>1036</Language>
  </Languages>
</ImportExportXml>